lang,title,title_en,author,author_en,year,publisher,pages,icon,unicode_emoji,genre,topic

en,The Lord of the Rings,,J. R. R. Tolkien,,1954,Allen & Unwin,1178,ğŸª,ring,fantasy,middle-earth
en,The Hobbit,,J. R. R. Tolkien,,1937,Allen & Unwin,310,ğŸ”,mountain,fantasy,middle-earth
en,Harry Potter and the Philosopher's Stone,,J. K. Rowling,,1997,Bloomsbury,223,ğŸ§™â€â™‚ï¸,hat-wizard,fantasy,wizardry
en,The Catcher in the Rye,,J. D. Salinger,,1951,Little, Brown and Company,234,ğŸ§¢,baseball-cap,drama,adolescence
en,The Great Gatsby,,F. Scott Fitzgerald,,1925,Charles Scribner's Sons,218,ğŸš—,car,drama,american-dream
en,"The Lion, the Witch and the Wardrobe",,C. S. Lewis,,1950,Geoffrey Bles,206,ğŸ¦,lion-crown,fantasy,narnia
en,The Hunger Games,,Suzanne Collins,,2008,Scholastic,374,ğŸ¹,arrow-circle-right,fantasy,dystopia
en,The Chronicles of Narnia,,C. S. Lewis,,1950,Geoffrey Bles,206,ğŸ¦,lion-crown,fantasy,narnia
en,Animal Farm,,George Orwell,,1945,Secker and Warburg,112,ğŸ–,pig-outline,drama,dystopia
en,The Da Vinci Code,,Dan Brown,,2003,Double Day,454,ğŸ¨,paint-palette,thriller,conspiracy
en,1984,,George Orwell,,1949,Secker & Warburg,328,ğŸ“¹,camera,satire,dystopia
en,Brave New World,,Aldous Huxley,,1932,Chatto & Windus,288,ğŸŒ,globe,fiction,dystopia
en,Moby-Dick,,Herman Melville,,1851,Harper & Brothers,927,ğŸ‹,whale,fiction,adventure
en,Pride and Prejudice,,Jane Austen,,1813,Thomas Egerton,279,â¤ï¸,heart,drama,romance
en,To Kill a Mockingbird,,Harper Lee,,1960,J. B. Lippincott & Co.,281,ğŸ¦,bird,drama,racism
en,Wuthering Heights,,Emily BrontÃ«,,1847,Thomas Cautley Newby,348,ğŸƒ,wind,drama,tragedy
en,Jane Eyre,,Charlotte BrontÃ«,,1847,Smith, Elder & Co.,474,ğŸ”¥,fire,drama,romance
en,The Odyssey,,Homer (translated by various),,circa 8th century BC,Various,461,â›µ,boat,classic,adventure
en,Fahrenheit 451,,Ray Bradbury,,1953,Ballantine Books,227,ğŸ”¥,fire,drama,dystopia
en,Of Mice and Men,,John Steinbeck,,1937,Covici Friede,187,ğŸ,mouse,drama,tragedy
en,Lord of the Flies,,William Golding,,1954,Faber and Faber,224,ğŸ”¥,fire,drama,island-life
en,Crime and Punishment,,Fyodor Dostoevsky,,1866,The Russian Messenger,671,âš–ï¸,scale,drama,crime
en,War and Peace,,Leo Tolstoy,,1869,The Russian Messenger,1225,âš”ï¸,swords,drama,historical
en,The Picture of Dorian Gray,,Oscar Wilde,,1890,Ward, Lock & Co.,252,ğŸ–¼,frame,drama,morality
en,The Secret Garden,,Frances Hodgson Burnett,,1911,Heinemann,300,ğŸŒ¹,rose,children,mystery
en,Middlemarch,,George Eliot,,1871,William Blackwood and Sons,904,ğŸ“–,book,drama,society
en,Rebecca,,Daphne du Maurier,,1938,Victor Gollancz,449,ğŸ°,castle,gothic,mystery
en,Catcher in the Rye,,J.D. Salinger,,1951,Little, Brown and Company,277,ğŸ§¢,hat,drama,adolescence
en,Ulysses,,James Joyce,,1922,Shakespeare and Company,730,ğŸ“–,book,modernist,everyday-life
en,The Adventures of Huckleberry Finn,,Mark Twain,,1884,Chatto & Windus,366,ğŸš£,raft,adventure,society
en,Dracula,,Bram Stoker,,1897,Archibald Constable and Company,418,ğŸ¦‡,bat,horror,gothic
en,Don Quixote,,Miguel de Cervantes,,1605,Francisco de Robles,863,ğŸ›¡,shield,classic,adventure
en,The Wind in the Willows,,Kenneth Grahame,,1908,Methuen & Co.,258,ğŸƒ,leaf,children,adventure
en,The Tale of Peter Rabbit,,Beatrix Potter,,1902,Frederick Warne & Co,72,ğŸ‡,rabbit,children,adventure
en,The Handmaid's Tale,,Margaret Atwood,,1985,McClelland and Stewart,311,ğŸ”´,circle,drama,dystopia
en,The Bell Jar,,Sylvia Plath,,1963,Heinemann,234,ğŸ””,bell,drama,mental-health
en,A Clockwork Orange,,Anthony Burgess,,1962,Heinemann,192,ğŸŠ,orange,drama,dystopia
en,Gone with the Wind,,Margaret Mitchell,,1936,Macmillan Publishers,1037,ğŸ‚,leaf,drama,historical
en,One Hundred Years of Solitude,,Gabriel GarcÃ­a MÃ¡rquez,,1967,Editorial Sudamericana,417,â³,hourglass,drama,fantasy
en,The Alchemist,,Paulo Coelho,,1988,Editora Rocco,163,â›°,mountain,fantasy,adventure

en,The Social Construction of Reality,,Peter L. Berger,,1966,Anchor Books,219,ğŸŒ,globe,sociology,social-perception
en,The Structure of Scientific Revolutions,,Thomas S. Kuhn,,1962,University of Chicago Press,172,âš™ï¸,gear,science,philosophy-of-science
en,Advanced XML,,Ray Lischner,,2001,,352,ğŸ’»,computer,technical,computer science
en,Advanced C++,,James O. Coplien,,1992,,544,ğŸ’»,computer,technical,computer science
en,Modern Architecture,,Kenneth Frampton,,1980,,320,ğŸ¢,building,technical,architecture
en,De Architectura,,Vitruvius,,15 BC,,352,ğŸ›,building,technical,architecture
en,Towards a New Architecture,,Le Corbusier,,1923,,320,ğŸ¢,building,technical,architecture
en,The Structure of Scientific Revolutions,,Thomas S. Kuhn,,1962,University of Chicago Press,212,ğŸ”¬,microscope,philosophy,philosophy-of-science
en,The Selfish Gene,,Richard Dawkins,,1976,Oxford University Press,368,ğŸ§¬,dna,bio,genetics
en,A Brief History of Time,,Stephen Hawking,,1988,Bantam Books,256,â³,hourglass,physics,cosmology
en,The Feynman Lectures on Physics,,Richard P. Feynman,,1964,Basic Books,1552,ğŸ“˜,book,physics,lectures
en,The Emperor's New Mind,,Roger Penrose,,1989,Oxford University Press,480,ğŸ§ ,brain,comp-sci,consciousness
en,The Road to Reality,,Roger Penrose,,2004,Jonathan Cape,1099,ğŸŒŒ,universe,physics,cosmology
en,Introduction to Quantum Mechanics,,David J. Griffiths,,1995,Prentice Hall,408,ğŸ”,magnifying-glass,physics,quantum-mechanics
en,Molecular Biology of the Cell,,Bruce Alberts,,1983,Garland Science,1392,ğŸ¦ ,cell,bio,cell-biology
en,Principles of Neural Science,,Eric R. Kandel,,1981,McGraw-Hill,1414,âš¡,neuron,biology,neuroscience
en,On Growth and Form,,D'Arcy Wentworth Thompson,,1917,Cambridge University Press,1116,ğŸ€,leaf,bio,biology
en,An Introduction to Medicinal Chemistry,,Graham L. Patrick,,1995,Oxford University Press,832,ğŸ’Š,pill,chemistry,medicinal-chemistry
en,Principles of Geochemistry,,Brian Mason,,1952,John Wiley & Sons,328,ğŸŒ,earth,geo,geochemistry
en,Fundamentals of Atmospheric Radiation,,Craig F. Bohren,,2006,Wiley-VCH,472,ğŸŒ¦ï¸,cloud,geo,atmosphere
en,Chemical Kinetics and Dynamics,,Jeffrey I. Steinfeld,,1989,Prentice Hall,528,âš—ï¸,flask,chemistry,chemical-kinetics
en,The Nature of the Chemical Bond,,Linus Pauling,,1939,Cornell University Press,644,ğŸ§ª,test-tube,chemistry,chemical-bonding
en,Biochemistry,,Donald Voet,,1990,John Wiley & Sons,1464,ğŸ”¬,microscope,bio,biochemistry
en,Artificial Intelligence: A Modern Approach,,Stuart Russell,,1995,Prentice Hall,1152,ğŸ¤–,robot,comp-sci,artificial-intelligence
en,Design Patterns: Elements of Reusable Object-Oriented Software,,Erich Gamma,,1994,Addison-Wesley,395,ğŸ’¾,disk,comp-sci,software-design
en,Introduction to the Theory of Computation,,Michael Sipser,,1996,Cengage Learning,480,âš™ï¸,gear,comp-sci,theoretical-computation
en,Introduction to Algorithms,,Thomas H. Cormen,,1990,MIT Press,1312,ğŸ’¡,light-bulb,comp-sci,algorithms
en,Operating System Concepts,,Abraham Silberschatz,,1983,John Wiley & Sons,976,ğŸ–¥ï¸,computer,comp-sci,operating-systems
en,Human Molecular Genetics,,Tom Strachan,,1996,Garland Science,782,ğŸ§¬,dna,genetics,human-genetics
en,The Algorithm Design Manual,,Steven S. Skiena,,1997,Springer,730,ğŸ”—,link,comp-sci,algorithm-design
en,Gray's Anatomy,,Henry Gray,,1858,John W. Parker and Son,1257,ğŸ¦´,bone,medicine,anatomy
en,Modern Quantum Mechanics,,J. J. Sakurai,,1985,Benjamin/Cummings,512,ğŸŒ€,atom,physics,quantum-mechanics
en,Statistical Mechanics,,R. K. Pathria,,1972,Butterworth-Heinemann,544,ğŸŒ¡ï¸,thermometer,physics,statistical-mechanics
en,Principles of Biochemistry,,Albert L. Lehninger,,1982,Worth Publishers,1100,ğŸ§ª,test-tube,bio,biochemistry
en,Physical Chemistry,,Peter Atkins,,1978,Oxford University Press,1008,âš›ï¸,atom,chemistry,physical-chemistry
en,The C++ Programming Language,,Bjarne Stroustrup,,1985,Addison-Wesley,1346,ğŸ’»,computer,comp-sci,programming
en,Clean Code: A Handbook of Agile Software Craftsmanship,,Robert C. Martin,,2008,Prentice Hall,464,ğŸ§½,sponge,comp-sci,software-development

es,El Quijote,Don Quixote,Miguel de Cervantes,,1605,,863,ğŸŒ¬,windmill,historical,adventure
es,Cien aÃ±os de soledad,One Hundred Years of Solitude,Gabriel GarcÃ­a MÃ¡rquez,,1967,,422,â˜€ï¸,sun,literary,magic realism
es,Don Juan Tenorio,,JosÃ© Zorrilla,,1844,,159,ğŸ’€,skull,drama,romanticism
es,La Regenta,,Leopoldo Alas ClarÃ­n,,1884,,1022,â¤ï¸,heart,literary,realism
es,La Celestina,,Fernando de Rojas,,1499,,160,â¤ï¸,heart,drama,tragicomedy
es,La vida es sueÃ±o,Life is a Dream,Pedro CalderÃ³n de la Barca,,1635,,168,ğŸŒ™,moon,drama,philosophy
es,El Lazarillo de Tormes,,AnÃ³nimo,,1554,,104,ğŸ‘,eye,literary,picaresque
es,Poema de mio Cid,Poem of the Cid,AnÃ³nimo,,1207,,170,âš”ï¸,sword,historical,epic
es,La Colmena,The Hive,Camilo JosÃ© Cela,,1951,,360,ğŸ,bee,literary,postwar
es,El BuscÃ³n,,Francisco de Quevedo,,1626,,160,ğŸ‘,eye,literary,picaresque
es,El Hobbit,The Hobbit,J. R. R. Tolkien,,1937,,310,ğŸ”,dwarf,fantasy,middle-earth
es,El SeÃ±or de los Anillos,The Lord of the Rings,J. R. R. Tolkien,,1954,,1178,ğŸª,eye,fantasy,middle-earth
es,Harry Potter y la piedra filosofal,Harry Potter and the Philosopher's Stone,J. K. Rowling,,1997,,223,ğŸ§™â€â™‚ï¸,wizard,fantasy,wizardry
es,El Principito,The Little Prince,Antoine de Saint-ExupÃ©ry,,1943,,96,ğŸ¦Š,fox,philosophical,fable
es,El alquimista,The Alchemist,Paulo Coelho,,1988,,208,ğŸ¶,alchemy,philosophical,adventure
es,El CÃ³digo Da Vinci,The Da Vinci Code,Dan Brown,,2003,,454,ğŸ¨,eye,thriller,conspiracy
es,El retrato de Dorian Gray,The Picture of Dorian Gray,Oscar Wilde,,1890,,254,ğŸ–Œ,paint-brush,literary,supernatural
es,El laberinto de los espÃ­ritus,The Labyrinth of the Spirits,Carlos Ruiz ZafÃ³n,,2016,,925,ğŸ‘,eye,literary,mystery
es,El arte de la guerra,The Art of War,Sun Tzu,,400 BC,,104,âš”ï¸,sword,philosophical,strategy
es,Rimas y leyendas,Rhymes and Legends,Gustavo Adolfo BÃ©cquer,,1871,200,ğŸƒ,leaf,poetry,romanticism
es,Los girasoles ciegos,The Blind Sunflowers,Alberto MÃ©ndez,,2004,160,ğŸŒ»,sunflower,literary,civil war
es,El tÃºnel,The Tunnel,Ernesto Sabato,,1948,200,ğŸš‡,tunnel,philosophical,mystery
es,Los siete pilares de la sabidurÃ­a,The Seven Pillars of Wisdom,T. E. Lawrence,,1926,672,ğŸœ,desert,autobiography,war
es,El camino,The Path,Miguel Delibes,,1950,272,ğŸš²,bicycle,literary,growth
es,Nada,Nothing,Carmen Laforet,,1945,272,ğŸšª,door,literary,postwar
es,El prÃ­ncipe de la niebla,The Prince of Mist,Carlos Ruiz ZafÃ³n,,1993,240,ğŸŒ«,fog,horror,mystery
es,El jinete polaco,The Polish Rider,Antonio MuÃ±oz Molina,,1991,736,ğŸ,horse,literary,historical
es,La sombra del viento,The Shadow of the Wind,Carlos Ruiz ZafÃ³n,,2001,576,ğŸ“š,book,literary,mystery
es,La verdad sobre el caso Savolta,The Truth About the Savolta Case,Eduardo Mendoza,,1975,448,ğŸ”,magnifying-glass,literary,mystery
es,Los detectives salvajes,The Savage Detectives,Roberto BolaÃ±o,,1998,648,ğŸ”,magnifying-glass,literary,adventure
es,2666,2666,Roberto BolaÃ±o,,2004,1126,ğŸ”¢,numbers,literary,mystery
es,Ficciones,Fictions,Jorge Luis Borges,,1944,240,ğŸ”®,crystal-ball,literary,short-stories
es,El Aleph,The Aleph,Jorge Luis Borges,,1949,146,ğŸŒ€,spiral,literary,short-stories
es,Rayo Macoy,Rayo Macoy,Luis GutiÃ©rrez Maluenda,,1998,280,âš¡,lightning,thriller,crime
es,El amor en los tiempos del cÃ³lera,Love in the Time of Cholera,Gabriel GarcÃ­a MÃ¡rquez,,1985,348,ğŸ’˜,heart-arrow,literary,romance
es,Cronica de una muerte anunciada,Chronicle of a Death Foretold,Gabriel GarcÃ­a MÃ¡rquez,,1981,120,ğŸ”ª,knife,literary,crime
es,El entenado,The Witness,Juan JosÃ© Saer,,1983,176,ğŸŒŠ,canoe,literary,historical
es,Los pasos perdidos,The Lost Steps,Alejo Carpentier,,1953,312,ğŸ¥¾,boot,literary,adventure
es,La fiesta del chivo,The Feast of the Goat,Mario Vargas Llosa,,2000,576,ğŸ,goat,literary,historical
es,La ciudad y los perros,The Time of the Hero,Mario Vargas Llosa,,1963,384,ğŸ•,dog,literary,youth
es,Como agua para chocolate,Like Water for Chocolate,Laura Esquivel,,1989,246,ğŸ«,chocolate,literary,magic realism
es,Los de abajo,The Underdogs,Mariano Azuela,,1915,160,ğŸ”«,gun,historical,revolution
es,Confabulario,Confabulario,Juan JosÃ© Arreola,,1952,160,ğŸ­,mask,literary,short-stories
es,La tÃ­a Julia y el escribidor,Aunt Julia and the Scriptwriter,Mario Vargas Llosa,,1977,384,âœ’ï¸,pen,literary,romance
es,Terra Nostra,Terra Nostra,Carlos Fuentes,,1975,816,ğŸŒ,globe,literary,historical
es,La muerte de Artemio Cruz,The Death of Artemio Cruz,Carlos Fuentes,,1962,320,â³,hourglass,literary,historical
es,La regiÃ³n mÃ¡s transparente,Where the Air Is Clear,Carlos Fuentes,,1958,480,ğŸŒ†,cityscape,literary,society
es,Don Segundo Sombra,Don Segundo Sombra,Ricardo GÃ¼iraldes,,1926,292,ğŸ,horse,literary,rural-life
es,MartÃ­n Fierro,MartÃ­n Fierro,JosÃ© HernÃ¡ndez,,1872,226,ğŸ¤ ,cowboy,poetry,rural-life

fr,Les MisÃ©rables,Les MisÃ©rables,Victor Hugo,,1862,,1900,ğŸ‘,eye,drama,social-justice
fr,Le Petit Prince,The Little Prince,Antoine de Saint-ExupÃ©ry,,1943,,96,ğŸ¦Š,fox,philosophical,fable
fr,Le Comte de Monte-Cristo,The Count of Monte Cristo,Alexandre Dumas,,1844,,464,â›°,sword,drama,revenge
fr,Notre-Dame de Paris,The Hunchback of Notre-Dame,Victor Hugo,,1831,,940,ğŸ°,cathedral,drama,romance
fr,Le Rouge et le Noir,The Red and the Black,Stendhal,,1830,,576,ğŸ”´âš«,duality,drama,social-climbing
fr,Vingt mille lieues sous les mers,Twenty Thousand Leagues Under the Sea,Jules Verne,,1870,,288,ğŸ¦‘,submarine,fantasy,adventure
fr,Les Trois Mousquetaires,The Three Musketeers,Alexandre Dumas,,1844,,704,âš”ï¸,sword,drama,adventure
fr,Le Tour du monde en quatre-vingts jours,Around the World in Eighty Days,Jules Verne,,1873,,256,ğŸŒ,hot-air-balloon,adventure,travel
fr,Le PÃ¨re Goriot,Father Goriot,HonorÃ© de Balzac,,1835,,443,ğŸ’,coin,drama,social-climbing
fr,L'Ã‰tranger,The Stranger,Albert Camus,,1942,123,ğŸŒ,sun,existential,alienation
fr,La Peste,The Plague,Albert Camus,,1947,308,ğŸ€,rat,existential,epidemic
fr,Candide,Candide,Voltaire,,1759,144,ğŸŒ‹,volcano,satire,optimism
fr,Madame Bovary,Madame Bovary,Gustave Flaubert,,1857,365,ğŸ’”,heart,drama,adultery
fr,Ã€ la recherche du temps perdu,In Search of Lost Time,Marcel Proust,,1913,4215,ğŸ•°,clock,novel,society
fr,Germinal,Germinal,Ã‰mile Zola,,1885,591,â›,pick,realism,social-strife
fr,ThÃ©rÃ¨se Raquin,ThÃ©rÃ¨se Raquin,Ã‰mile Zola,,1867,334,ğŸŒŠ,water,drama,guilt
fr,La Chute,The Fall,Albert Camus,,1956,147,ğŸ·,glass,existential,guilt
fr,La Jalousie,Jealousy,Alain Robbe-Grillet,,1957,189,ğŸŒ´,palm,modernist,obsession
fr,Le Silence de la mer,The Silence of the Sea,Vercors,,1942,76,âš“,anchor,drama,occupation
fr,Voyage au bout de la nuit,Journey to the End of the Night,Louis-Ferdinand CÃ©line,,1932,505,ğŸš¶,walker,novel,war
fr,Les Particules Ã©lÃ©mentaires,The Elementary Particles,Michel Houellebecq,,1998,392,ğŸ§¬,dna,novel,modern-life
fr,La Condition humaine,Man's Fate,AndrÃ© Malraux,,1933,368,ğŸ”«,gun,novel,revolution
fr,L'Immoraliste,The Immoralist,AndrÃ© Gide,,1902,224,ğŸŒµ,cactus,novel,self-discovery
fr,Les Fleurs du mal,The Flowers of Evil,Charles Baudelaire,,1857,247,ğŸŒº,flower,poetry,decadence
fr,Le DeuxiÃ¨me Sexe,The Second Sex,Simone de Beauvoir,,1949,972,â™€ï¸,female,sociology,feminism
fr,Histoire de ma vie,Story of My Life,Giacomo Casanova,,1789,4520,ğŸ’‹,lip,autobiography,adventures
fr,L'Amant,The Lover,Marguerite Duras,,1984,117,ğŸ,dolls,drama,love
fr,Les Justes,The Just Assassins,Albert Camus,,1949,128,ğŸ’£,bomb,drama,resistance
fr,Les Gommes,The Erasers,Alain Robbe-Grillet,,1953,250,ğŸ”,magnifying-glass,novel,mystery
fr,Bonjour tristesse,Hello Sadness,FranÃ§oise Sagan,,1954,154,â˜€ï¸,sun,novel,youth
fr,Zazie dans le mÃ©tro,Zazie in the Metro,Raymond Queneau,,1959,221,ğŸš‡,metro,novel,language
fr,Les Yeux jaunes des crocodiles,The Yellow Eyes of Crocodiles,Katherine Pancol,,2006,624,ğŸŠ,crocodile,drama,family
fr,Extension du domaine de la lutte,Whatever,Michel Houellebecq,,1994,163,ğŸ’¼,briefcase,novel,society
fr,Chanson douce,Lullaby,LeÃ¯la Slimani,,2016,227,ğŸ¼,bottle,novel,family
fr,Le Dernier Jour d'un condamnÃ©,The Last Day of a Condemned Man,Victor Hugo,,1829,127,â›“,chains,drama,death-penalty
fr,L'Ã‰cume des jours,Froth on the Daydream,Boris Vian,,1947,246,ğŸº,trumpet,novel,absurdism
fr,La Horde du Contrevent,The Wind Walkers,Alain Damasio,,2004,736,ğŸŒ¬,wind,fantasy,epic
fr,L'Insoutenable lÃ©gÃ¨retÃ© de l'Ãªtre,The Unbearable Lightness of Being,Milan Kundera,,1984,392,ğŸ•Š,dove,novel,existential
fr,La Vie devant soi,The Life Before Us,Romain Gary,,1975,221,ğŸ‘©â€ğŸ¦±,woman-child,drama,society

zh,çº¢æ¥¼æ¢¦,Dream of the Red Chamber,æ›¹é›ªèŠ¹,Cao Xueqin,1791,,2500,ğŸ¯,house,drama,social
zh,è¥¿æ¸¸è®°,Journey to the West,å´æ‰¿æ©,Wu Cheng'en,1592,,2000,ğŸ’,monkey,fantasy,adventure
zh,æ°´æµ’ä¼ ,Outlaws of the Marsh,æ–½è€åºµ,Shi Nai'an,1589,,2300,âš”ï¸,hero,drama,rebellion
zh,ä¸‰å›½æ¼”ä¹‰,Romance of the Three Kingdoms,ç½—è´¯ä¸­,Luo Guanzhong,1522,,2400,âš”ï¸,sword,drama,war
zh,é“å¾·ç»,Tao Te Ching,è€å­,Laozi,600 BC,,81,ğŸ“œ,book,philosophy,taoism
zh,è¾¹åŸ,Border Town,æ²ˆä»æ–‡,Shen Congwen,1934,,260,ğŸŒŠ,boat,drama,rural life
zh,å›´åŸ,Fortress Besieged,é’±é’Ÿä¹¦,Qian Zhongshu,1947,,400,ğŸ°,castle,drama,marriage
zh,å°„é›•è‹±é›„ä¼ ,The Legend of the Condor Heroes,é‡‘åº¸,Jin Yong,1957,,1500,ğŸ¹,bow,fantasy,adventure
zh,å¹³å‡¡çš„ä¸–ç•Œ,A Ordinary World,è·¯é¥,Lu Yao,1991,,1000,ğŸŒ¾,wheat,drama,family
zh,æ´»ç€,To Live,ä½™å,Yu Hua,1993,,250,â¤ï¸,heartbeat,drama,family
zh,è®¸ä¸‰è§‚å–è¡€è®°,Chronicle of a Blood Merchant,ä½™å,Yu Hua,1995,,300,ğŸ’‰,blood-drop,drama,sacrifice
zh,å®¶,Family,å·´é‡‘,Ba Jin,1931,,400,ğŸ ,house,drama,family
zh,ç™½é¹¿åŸ,White Deer Plain,é™ˆå¿ å®,Chen Zhongshi,1993,,700,ğŸ¦Œ,deer,drama,rural life
zh,æˆ‘ä¸åœ°å›,Me and the Temple of Earth,è´¾å¹³å‡¹,Jia Pingwa,1993,,250,ğŸ‚,temple,drama,childhood
zh,åºå±±è°£,The Lushan Chant,æ—è¯­å ‚,Lin Yutang,1937,,350,â›°ï¸,mountain,drama,romance
zh,è‰åŸ,The Steppe,å·´é‡‘,Ba Jin,1937,,320,ğŸŒ¾,grass,drama,nature
zh,åœ¨ç»†é›¨ä¸­å‘¼å–Š,Calling in the Rain,ä½™å,Yu Hua,1990,,280,â˜”,rain,drama,youth
zh,é¾™æ—,The Dragon Family,æ±Ÿå—,Jiang Nan,2010,,1500,ğŸ‰,dragon,fantasy,adventure
zh,å…¨çƒé€šå²,The History of the World,ç½—å°”æ–¯,Christopher Beckwith,2011,,400,ğŸŒ,globe,history,world-history
zh,å¾®å¾®ä¸€ç¬‘å¾ˆå€¾åŸ,Just One Smile is Very Alluring,é¡¾æ¼«,Gu Man,2008,,300,ğŸ’»,computer,romance,online gaming

de,Die Verwandlung,The Metamorphosis,Franz Kafka,,1915,56,ğŸœ,bug,literary,surrealism
de,Der Prozess,The Trial,Franz Kafka,,1925,304,âš–ï¸,scales,literary,surrealism
de,Der Zauberberg,The Magic Mountain,Thomas Mann,,1924,1008,ğŸ”,mountain,literary,philosophical
de,Buddenbrooks,Buddenbrooks,Thomas Mann,,1901,736,ğŸ ,house,literary,family-saga
de,Steppenwolf,Steppenwolf,Hermann Hesse,,1927,237,ğŸº,wolf,philosophical,existentialism
de,Siddhartha,Siddhartha,Hermann Hesse,,1922,152,ğŸŒ¿,leaf,philosophical,spiritual
de,Das Parfum,Perfume,Patrick SÃ¼skind,,1985,263,ğŸŒ¹,rose,literary,crime
de,Berlin Alexanderplatz,Berlin Alexanderplatz,Alfred DÃ¶blin,,1929,606,ğŸŒ†,cityscape,literary,urban-life
de,Die Blechtrommel,The Tin Drum,GÃ¼nter Grass,,1959,576,ğŸ¥,drum,literary,history
de,Im Westen nichts Neues,All Quiet on the Western Front,Erich Maria Remarque,,1929,296,ğŸ•Š,dove,historical,war
de,Tod in Venedig,Death in Venice,Thomas Mann,,1912,156,ğŸ­,mask,literary,obsession
de,NarziÃŸ und Goldmund,Narcissus and Goldmund,Hermann Hesse,,1930,368,ğŸ¨,art,philosophical,friendship
de,Doktor Faustus,Doctor Faustus,Thomas Mann,,1947,534,ğŸ»,violin,literary,culture
de,Die Dreigroschenoper,The Threepenny Opera,Bertolt Brecht,,1928,112,ğŸ­,theater,drama,satire
de,Effi Briest,Effi Briest,Theodor Fontane,,1895,320,ğŸ’Œ,letter,literary,society
de,Der geteilte Himmel,Divided Heaven,Christa Wolf,,1963,176,âœ‚ï¸,scissors,literary,division
de,Ansichten eines Clowns,The Clown,Heinrich BÃ¶ll,,1963,288,ğŸ¤¡,clown,literary,society
de,Der Vorleser,The Reader,Bernhard Schlink,,1995,216,ğŸ“–,book,literary,moral-dilemma
de,Billig. Billig.,Cheap. Cheap.,Josef Hader,,2016,240,ğŸ’¸,money,drama,modern-life
de,Bekenntnisse des Hochstaplers Felix Krull,Confessions of Felix Krull,Thomas Mann,,1954,384,ğŸ©,hat,literary,con-artist
de,Die Ratten,The Rats,Gerhart Hauptmann,,1911,96,ğŸ€,rat,drama,society
de,Der Untertan,The Loyal Subject,Heinrich Mann,,1918,354,ğŸ–,medal,literary,satire
de,Das Schloss,The Castle,Franz Kafka,,1926,320,ğŸ°,castle,literary,surrealism
de,Die Marquise von O...,The Marquise of O...,Heinrich von Kleist,,1808,40,â­•,circle,literary,society
de,Goethe's Faust,Faust,Johann Wolfgang von Goethe,,1808,480,ğŸ“œ,scroll,drama,legend
de,Werther,The Sorrows of Young Werther,Johann Wolfgang von Goethe,,1774,128,ğŸ’”,heartbreak,literary,romanticism
de,Mephisto,Mephisto,Klaus Mann,,1936,416,ğŸ‘¹,devil,literary,politics
de,Der Nachsommer,Indian Summer,Adalbert Stifter,,1857,704,ğŸ‚,fallen-leaf,literary,nature
de,Heimatmuseum,The Heritage,Edgar Reitz,,1988,272,ğŸ ,house,literary,heritage
de,Tschick,Why We Took the Car,Wolfgang Herrndorf,,2010,256,ğŸš—,car,young-adult,adventure

ru,Ğ’Ğ¾Ğ¹Ğ½Ğ° Ğ¸ Ğ¼Ğ¸Ñ€,War and Peace,Ğ›ĞµĞ² Ğ¢Ğ¾Ğ»ÑÑ‚Ğ¾Ğ¹,Leo Tolstoy,1869,1225,âš”ï¸,sword,historical,epic
ru,ĞĞ½Ğ½Ğ° ĞšĞ°Ñ€ĞµĞ½Ğ¸Ğ½Ğ°,Anna Karenina,Ğ›ĞµĞ² Ğ¢Ğ¾Ğ»ÑÑ‚Ğ¾Ğ¹,Leo Tolstoy,1877,864,ğŸš‚,train,literary,tragedy
ru,ĞŸÑ€ĞµÑÑ‚ÑƒĞ¿Ğ»ĞµĞ½Ğ¸Ğµ Ğ¸ Ğ½Ğ°ĞºĞ°Ğ·Ğ°Ğ½Ğ¸Ğµ,Crime and Punishment,Ğ¤Ñ‘Ğ´Ğ¾Ñ€ Ğ”Ğ¾ÑÑ‚Ğ¾ĞµĞ²ÑĞºĞ¸Ğ¹,Fyodor Dostoevsky,1866,671,â›,axe,literary,psychological
ru,Ğ‘Ñ€Ğ°Ñ‚ÑŒÑ ĞšĞ°Ñ€Ğ°Ğ¼Ğ°Ğ·Ğ¾Ğ²Ñ‹,The Brothers Karamazov,Ğ¤Ñ‘Ğ´Ğ¾Ñ€ Ğ”Ğ¾ÑÑ‚Ğ¾ĞµĞ²ÑĞºĞ¸Ğ¹,Fyodor Dostoevsky,1880,796,ğŸ“–,book,philosophical,religion
ru,Ğ˜Ğ´Ğ¸Ğ¾Ñ‚,The Idiot,Ğ¤Ñ‘Ğ´Ğ¾Ñ€ Ğ”Ğ¾ÑÑ‚Ğ¾ĞµĞ²ÑĞºĞ¸Ğ¹,Fyodor Dostoevsky,1869,656,â¤ï¸,heart,literary,psychological
ru,ĞœĞ°ÑÑ‚ĞµÑ€ Ğ¸ ĞœĞ°Ñ€Ğ³Ğ°Ñ€Ğ¸Ñ‚Ğ°,The Master and Margarita,ĞœĞ¸Ñ…Ğ°Ğ¸Ğ» Ğ‘ÑƒĞ»Ğ³Ğ°ĞºĞ¾Ğ²,Mikhail Bulgakov,1967,384,ğŸ˜º,cat,philosophical,fantasy
ru,Ğ•Ğ²Ğ³ĞµĞ½Ğ¸Ğ¹ ĞĞ½ĞµĞ³Ğ¸Ğ½,Eugene Onegin,ĞĞ»ĞµĞºÑĞ°Ğ½Ğ´Ñ€ ĞŸÑƒÑˆĞºĞ¸Ğ½,Alexander Pushkin,1833,208,âœ’ï¸,pen,poetry,romance
ru,Ğ”Ğ¾ĞºÑ‚Ğ¾Ñ€ Ğ–Ğ¸Ğ²Ğ°Ğ³Ğ¾,Doctor Zhivago,Ğ‘Ğ¾Ñ€Ğ¸Ñ ĞŸĞ°ÑÑ‚ĞµÑ€Ğ½Ğ°Ğº,Boris Pasternak,1957,592,â„ï¸,snowflake,historical,revolution
ru,ĞœÑ‘Ñ€Ñ‚Ğ²Ñ‹Ğµ Ğ´ÑƒÑˆĞ¸,Dead Souls,ĞĞ¸ĞºĞ¾Ğ»Ğ°Ğ¹ Ğ“Ğ¾Ğ³Ğ¾Ğ»ÑŒ,Nikolai Gogol,1842,352,ğŸ‘»,ghost,literary,satire
ru,ĞÑ‚Ñ†Ñ‹ Ğ¸ Ğ´ĞµÑ‚Ğ¸,Fathers and Sons,Ğ˜Ğ²Ğ°Ğ½ Ğ¢ÑƒÑ€Ğ³ĞµĞ½ĞµĞ²,Ivan Turgenev,1862,191,ğŸ‚,fallen-leaf,literary,society
ru,Ğ¡Ğ¾Ğ±Ğ°Ñ‡ÑŒĞµ ÑĞµÑ€Ğ´Ñ†Ğµ,Heart of a Dog,ĞœĞ¸Ñ…Ğ°Ğ¸Ğ» Ğ‘ÑƒĞ»Ğ³Ğ°ĞºĞ¾Ğ²,Mikhail Bulgakov,1925,128,ğŸ¶,dog,sci-fi,satire
ru,ĞblomĞ¾Ğ²,Oblomov,Ğ˜Ğ²Ğ°Ğ½ Ğ“Ğ¾Ğ½Ñ‡Ğ°Ñ€Ğ¾Ğ²,Ivan Goncharov,1859,608,ğŸ›Œ,bed,literary,society
ru,Ğ’Ğ¸ÑˆĞ½Ñ‘Ğ²Ñ‹Ğ¹ ÑĞ°Ğ´,The Cherry Orchard,ĞĞ½Ñ‚Ğ¾Ğ½ Ğ§ĞµÑ…Ğ¾Ğ²,Anton Chekhov,1904,72,ğŸ’,cherry,play,society
ru,Ğ¢Ñ€Ğ¸ ÑĞµÑÑ‚Ñ€Ñ‹,Three Sisters,ĞĞ½Ñ‚Ğ¾Ğ½ Ğ§ĞµÑ…Ğ¾Ğ²,Anton Chekhov,1901,76,ğŸ‘©â€ğŸ‘©â€ğŸ‘§,family,play,society
ru,Ğ“ĞµÑ€Ğ¾Ğ¹ Ğ½Ğ°ÑˆĞµĞ³Ğ¾ Ğ²Ñ€ĞµĞ¼ĞµĞ½Ğ¸,A Hero of Our Time,ĞœĞ¸Ñ…Ğ°Ğ¸Ğ» Ğ›ĞµÑ€Ğ¼Ğ¾Ğ½Ñ‚Ğ¾Ğ²,Mikhail Lermontov,1840,224,â›°,mountain,literary,romance
ru,ĞœĞ°Ñ‚Ñ€Ñ‘Ğ½Ğ¸Ğ½ Ğ´Ğ²Ğ¾Ñ€,Matryona's Place,ĞĞ»ĞµĞºÑĞ°Ğ½Ğ´Ñ€ Ğ¡Ğ¾Ğ»Ğ¶ĞµĞ½Ğ¸Ñ†Ñ‹Ğ½,Aleksandr Solzhenitsyn,1963,64,ğŸ ,house,literary,society
ru,ĞÑ€Ñ…Ğ¸Ğ¿ĞµĞ»Ğ°Ğ³ Ğ“Ğ£Ğ›ĞĞ“,The Gulag Archipelago,ĞĞ»ĞµĞºÑĞ°Ğ½Ğ´Ñ€ Ğ¡Ğ¾Ğ»Ğ¶ĞµĞ½Ğ¸Ñ†Ñ‹Ğ½,Aleksandr Solzhenitsyn,1973,1818,ğŸ”’,lock,non-fiction,history
ru,Ğ‘ĞµĞ»Ğ°Ñ Ğ³Ğ²Ğ°Ñ€Ğ´Ğ¸Ñ,The White Guard,ĞœĞ¸Ñ…Ğ°Ğ¸Ğ» Ğ‘ÑƒĞ»Ğ³Ğ°ĞºĞ¾Ğ²,Mikhail Bulgakov,1925,320,âš”ï¸,sword,historical,civil-war
ru,ĞšĞ¾Ğ»Ñ‹Ğ±ĞµĞ»ÑŒĞ½Ğ°Ñ,Lullaby,ĞĞ½Ğ½Ğ° ĞÑ…Ğ¼Ğ°Ñ‚Ğ¾Ğ²Ğ°,Anna Akhmatova,1912,36,ğŸ•Š,dove,poetry,romance
ru,Ğ ĞµĞ²Ğ¸Ğ·Ğ¾Ñ€,The Government Inspector,ĞĞ¸ĞºĞ¾Ğ»Ğ°Ğ¹ Ğ“Ğ¾Ğ³Ğ¾Ğ»ÑŒ,Nikolai Gogol,1836,100,ğŸ‘“,glasses,play,satire
ru,ĞšĞ°Ğ¿Ğ¸Ñ‚Ğ°Ğ½ÑĞºĞ°Ñ Ğ´Ğ¾Ñ‡ĞºĞ°,The Captain's Daughter,ĞĞ»ĞµĞºÑĞ°Ğ½Ğ´Ñ€ ĞŸÑƒÑˆĞºĞ¸Ğ½,Alexander Pushkin,1836,144,âš”ï¸,sword,historical,romance
ru,Ğ‘ÑƒÑ€Ñ,The Tempest,ĞĞ»ĞµĞºÑĞ°Ğ½Ğ´Ñ€ ĞÑÑ‚Ñ€Ğ¾Ğ²ÑĞºĞ¸Ğ¹,Alexander Ostrovsky,1859,92,ğŸŒª,cloud,play,society
ru,Ğ—Ğ°Ğ¿Ğ¸ÑĞºĞ¸ Ğ¸Ğ· Ğ¿Ğ¾Ğ´Ğ¿Ğ¾Ğ»ÑŒÑ,Notes from Underground,Ğ¤Ñ‘Ğ´Ğ¾Ñ€ Ğ”Ğ¾ÑÑ‚Ğ¾ĞµĞ²ÑĞºĞ¸Ğ¹,Fyodor Dostoevsky,1864,136,âœï¸,writing,literary,existentialism
ru,ĞŸĞµÑ‚ĞµÑ€Ğ±ÑƒÑ€Ğ³,Petersburg,ĞĞ½Ğ´Ñ€ĞµĞ¹ Ğ‘ĞµĞ»Ñ‹Ğ¹,Andrei Bely,1913,605,ğŸŒ†,cityscape,literary,symbolism
ru,Ğ”ĞµĞ½ÑŒ Ğ¾Ñ‚Ğ¾ Ğ´Ğ½Ñ,Day by Day,Ğ’Ğ°Ğ»ĞµĞ½Ñ‚Ğ¸Ğ½ ĞšĞ°Ñ‚Ğ°ĞµĞ²,Valentin Katayev,1947,472,ğŸ“…,calendar,historical,war
ru,Ğ¢Ğ¸Ñ…Ğ¸Ğ¹ Ğ”Ğ¾Ğ½,And Quiet Flows the Don,ĞœĞ¸Ñ…Ğ°Ğ¸Ğ» Ğ¨Ğ¾Ğ»Ğ¾Ñ…Ğ¾Ğ²,Mikhail Sholokhov,1934,1600,ğŸŒŠ,wave,historical,epic
ru,ĞšÑ€Ğ°ÑĞ½Ğ¾Ğµ Ğ¸ Ñ‡Ñ‘Ñ€Ğ½Ğ¾Ğµ,Red and Black,ĞœĞ¸Ñ…Ğ°Ğ¸Ğ» Ğ¨Ğ¾Ğ»Ğ¾Ñ…Ğ¾Ğ²,Mikhail Sholokhov,1921,95,ğŸŸ¥,red,historical,revolution
ru,Ğ›ĞµÑ‚Ğ¾ Ğ² Ğ‘Ğ°Ğ´ĞµĞ½Ğµ,Summer in Baden,ĞĞ»ĞµĞºÑĞ°Ğ½Ğ´Ñ€ Ğ’Ğ°Ğ¼Ğ¿Ğ¸Ğ»Ğ¾Ğ²,Alexander Vampilov,1969,70,ğŸŒ,sun,play,romance
ru,Ğ§Ğ°Ğ¹ĞºĞ°,The Seagull,ĞĞ½Ñ‚Ğ¾Ğ½ Ğ§ĞµÑ…Ğ¾Ğ²,Anton Chekhov,1895,76,ğŸ•Š,dove,play,art
ru,Ğ—Ğ¾Ğ»Ğ¾Ñ‚Ğ¾Ğ¹ Ñ‚ĞµĞ»Ñ‘Ğ½Ğ¾Ğº,The Little Golden Calf,Ğ˜Ğ»ÑŒÑ Ğ˜Ğ»ÑŒÑ„,Ilya Ilf; Ğ•Ğ²Ğ³ĞµĞ½Ğ¸Ğ¹ ĞŸĞµÑ‚Ñ€Ğ¾Ğ², Yevgeny Petrov,1931,300,ğŸ„,cow,satire,adventure

jp,æºæ°ç‰©èª,The Tale of Genji,ç´«å¼éƒ¨,Murasaki Shikibu,1008,1360,ğŸ¯,palace,literary,romance
jp,ã“ã“ã‚,Kokoro,å¤ç›® æ¼±çŸ³,Natsume SÅseki,1914,248,â¤ï¸,heart,literary,psychological
jp,å¤¢åå¤œ,Ten Nights of Dreams,å¤ç›® æ¼±çŸ³,Natsume SÅseki,1908,48,ğŸŒ™,moon,literary,dreams
jp,ç¾©çµŒè¨˜,The Tale of the Heike,,,1240,800,âš”ï¸,sword,historical,epic
jp,ãƒãƒ«ã‚¦ã‚§ã‚¤ã®æ£®,Norwegian Wood,æ‘ä¸Š æ˜¥æ¨¹,Haruki Murakami,1987,389,ğŸŒ²,tree,literary,romance
jp,1Q84,1Q84,æ‘ä¸Š æ˜¥æ¨¹,Haruki Murakami,2009,1157,ğŸŒƒ,cityscape,literary,magic realism
jp,éœ§ã®ã‚€ã“ã†ã®ãµã—ããªç”º,The Mysterious Town Beyond the Mist,å®®æ²¢ è³¢æ²»,Kenji Miyazawa,1934,42,ğŸŒ,fog,literary,fantasy
jp,é›ªå›½,Snow Country,å·ç«¯ åº·æˆ,Yasunari Kawabata,1947,175,â„ï¸,snowflake,literary,romance
jp,åƒç¾½é¶´,Thousand Cranes,å·ç«¯ åº·æˆ,Yasunari Kawabata,1952,147,ğŸº,teapot,literary,tradition
jp,å¥³ã®ä¸€ç”Ÿ,A Woman's Life,èŠæ±  å¯›,Kikuchi Kan,1911,200,ğŸ‘©,woman,literary,society
jp,æµ·ã¨æ¯’è–¬,The Sea and Poison,é è—¤ å‘¨ä½œ,ShÅ«saku EndÅ,1958,192,ğŸ’‰,syringe,literary,war
jp,æ²ˆé»™,Silence,é è—¤ å‘¨ä½œ,ShÅ«saku EndÅ,1966,256,âœï¸,cross,literary,religion
jp,ç¦…åƒ§ã¨ç¡å­ç´°å·¥,Zen Monk and Glasswork,è°·å´ æ½¤ä¸€éƒ,Jun'ichirÅ Tanizaki,1931,50,ğŸ§˜,meditation,literary,contrast
jp,ç´°é›ª,The Makioka Sisters,è°·å´ æ½¤ä¸€éƒ,Jun'ichirÅ Tanizaki,1948,530,ğŸ‚,fallen-leaf,literary,family
jp,å¤œã®ãƒ”ã‚¯ãƒ‹ãƒƒã‚¯,Night Picnic,æ·±æ²¢ ä¸ƒéƒ,ShichirÅ Fukazawa,1957,142,ğŸŒŒ,night-sky,literary,adventure
jp,æˆ¦äº‰ã¨ä¸€äººã®å¥³,One Woman and the War,å¤ªå®° æ²»,Osamu Dazai,1946,80,ğŸ•Š,dove,literary,war
jp,æ–œé™½,The Setting Sun,å¤ªå®° æ²»,Osamu Dazai,1947,240,ğŸŒ…,sunset,literary,society
jp,æ˜¥ç´æŠ„,The Tale of the Bamboo Cutter,Anonymous,,10th Century,40,ğŸŒ•,moon,fantasy,legend
jp,ã‚°ãƒƒãƒ‰ ãƒã‚¤,Goodbye,å‰æœ¬ ã°ãªãª,Yoshimoto Banana,1988,92,ğŸ‘‹,waving-hand,literary,modern life
jp,ã‚­ãƒƒãƒãƒ³,Kitchen,å‰æœ¬ ã°ãªãª,Yoshimoto Banana,1988,152,ğŸ³,frying-pan,literary,modern life
jp,ãƒ¢ãƒãƒæ€ª,The Apparition,å¤¢é‡ ä¹…ä½œ,KyÅ«saku Yumeno,1933,200,ğŸ‘»,ghost,literary,supernatural

it,La Divina Commedia,The Divine Comedy,Dante Alighieri,,1320,702,ğŸ”¥,inferno,poetic,epic
it,Il Principe,The Prince,NiccolÃ² Machiavelli,,1532,140,ğŸ‘‘,crown,philosophy,politics
it,I Promessi Sposi,The Betrothed,Alessandro Manzoni,,1827,720,ğŸ’‘,couple,literary,historical
it,Il Gattopardo,The Leopard,Giuseppe Tomasi di Lampedusa,,1958,336,ğŸ†,leopard,literary,historical
it,Il Giardino dei Finzi-Contini,The Garden of the Finzi-Continis,Giorgio Bassani,,1962,400,ğŸŒ³,tree,literary,holocaust
it,Se una notte d'inverno un viaggiatore,If on a winter's night a traveler,Italo Calvino,,1979,260,ğŸ“š,book,literary,metafiction
it,Il nome della rosa,The Name of the Rose,Umberto Eco,,1980,512,ğŸŒ¹,rose,literary,mystery
it,Invisible Cities,Le cittÃ  invisibili,Italo Calvino,,1972,165,ğŸŒ†,city,literary,travel
it,La coscienza di Zeno,Zeno's Conscience,Italo Svevo,,1923,464,ğŸš¬,cigarette,literary,psychological

pt,Os LusÃ­adas,The Lusiads,LuÃ­s de CamÃµes,,1572,880,â›µ,ship,poetic,epic
pt,Dom Casmurro,Dom Casmurro,Machado de Assis,,1899,256,ğŸ‘“,glasses,literary,romance
pt,MemÃ³rias PÃ³stumas de BrÃ¡s Cubas,The Posthumous Memoirs of Bras Cubas,Machado de Assis,,1881,160,ğŸ’€,skull,literary,satire
pt,CapitÃ£es da Areia,Captains of the Sands,Jorge Amado,,1937,300,ğŸ–,beach,literary,social
pt,A Moreninha,The Little Brunette,Joaquim Manuel de Macedo,,1844,165,ğŸ‘©,woman,literary,romance
pt,Amor de PerdiÃ§Ã£o,Doomed Love,Camilo Castelo Branco,,1862,336,â¤ï¸,heart,literary,tragedy
pt,Ensaio sobre a cegueira,Blindness,Jose Saramago,,1995,288,ğŸ‘,eye,literary,dystopian
pt,Os Maias,The Maias,JosÃ© Maria de EÃ§a de QueirÃ³s,,1888,704,ğŸ›,mansion,literary,family
pt,O Evangelho segundo Jesus Cristo,The Gospel According to Jesus Christ,Jose Saramago,,1991,368,âœï¸,cross,literary,religion
